SCHOOLNAME,RPI,OPPONENT RPI RANK,RECORD,NONCONFRPI,NONCONFRECORD,CONFRPI,CONFRECORD ROAD L10,1-25,26-50,51-100 101-150,VTOP100,VBELOW150
Cincinnati,1,89 12,29-4,1,13-3,7,16-1 10-1 7-3,3-2,5-0,11-2 5-0,19-4,5-0
MichiganSt.,2,84 6,32-7,11,15-4,2,17-3 6-6 10-0,13-4,2-2,5-0 5-0,20-6,7-1
Iowa St.,3,107 53,29-5,25,12-3,5,17-2 6-3 9-1,7-3,1-0,7-1 3-0,15-4,11-1
Kentucky,4,63 1,22-10,4,10-5,1,12-5 5-5 6-4,4-8,4-1,6-1 4-0,14-10,4-0
Duke,5,97 31,29-5,28,11-4,4,18-1 9-0 8-2,6-5,4-0,5-0 3-0,15-5,11-0
St. John's (N.Y.),6,89 12,25-8,31,10-4,3,15-4 8-5 8-2,5-1,5-5,3-1 5-1,13-7,7-0
Temple,7,96 25,27-6,2,10-4,8,17-2 8-4 8-2,2-2,5-3,4-0 11-1,11-5,5-0
Texas,8,86 8,24-9,13,10-5,5,14-4 6-6 7-3,4-8,2-1,5-0 5-0,11-9,8-0
Arizona,9,91 19,27-7,8,12-4,6,15-3 7-4 7-3,5-3,4-1,9-1 1-2,18-5,8-0
Florida,10,90 17,29-8,10,16-3,1,13-5 5-4 7-3,7-5,2-2,6-1 7-0,15-8,7-0
Syracuse,11,100 35,26-6,21,13-2,3,13-4 7-3 6-4,4-3,3-2,4-1 8-0,11-6,7-0
Tennessee,12,96 25,25-7,12,13-2,1,12-5 7-3 6-4,6-3,0-0,5-2 8-2,11-5,6-0
LSU,13,106 50,28-6,16,15-1,1,13-5 5-3 8-2,6-3,1-0,8-2 4-1,15-5,9-0
Oklahoma St.,14,111 61,26-7,18,13-2,5,13-5 8-3 6-4,4-6,3-0,4-0 2-0,11-6,13-1
Connecticut,15,87 9,25-10,15,12-3,3,13-7 6-5 7-3,4-6,5-1,2-3 6-0,11-10,8-0
Maryland,16,88 10,25-10,9,12-4,4,13-6 4-5 7-3,4-5,2-1,8-2 6-1,14-8,5-1
Oklahoma,17,113 69,27-7,27,13-2,5,14-5 6-3 7-3,4-5,0-1,5-1 5-0,9-7,13-0
Stanford,18,117 75,26-4,30,11-1,6,15-3 10-1 7-3,2-3,3-1,7-0 3-0,12-4,11-0
Kansas,19,88 10,23-10,7,11-4,5,12-6 5-5 6-4,1-8,3-0,7-2 2-0,11-10,10-0
Tulsa,20,139 120,32-5,22,18-2,9,14-3 10-3 7-3,2-1,2-3,5-0 7-0,9-4,16-1
Wisconsin,21,68 2,22-14,6,11-4,2,11-10 4-9 8-2,6-6,5-4,3-2 4-1,14-12,4-1
Indiana,22,82 5,20-9,14,10-2,2,10-7 5-5 4-6,5-4,1-4,6-0 3-1,12-8,5-0
Illinois,23,91 19,22-10,35,9-4,2,13-6 5-4 7-3,3-6,2-2,6-1 4-1,11-9,7-0
North Carolina,24,77 4,22-14,5,13-6,4,9-8 6-5 6-4,4-7,3-4,7-2 1-1,14-13,7-0
Auburn,25,96 25,23-10,20,12-2,1,11-8 2-6 4-6,2-6,1-0,6-3 9-1,9-9,5-0
Purdue,26,89 12,23-10,26,11-4,2,12-6 7-4 7-3,6-5,2-3,4-1 5-1,12-9,6-0
Ohio St.,27,108 55,23-7,46,10-3,2,13-4 7-3 7-3,6-3,1-1,4-3 3-0,11-7,9-0
UCLA,28,85 7,21-12,3,11-4,6,10-8 5-6 8-2,3-5,5-2,5-3 4-1,13-10,4-1
Kent St.,29,122 85,21-8,32,8-2,11,13-6 8-6 6-4,0-0,4-1,4-5 4-2,8-6,9-0
Oregon,30,112,65,21-8,52,8-3,6,13-5,8-4,6-4,1-3,3-2,7-1,3-1,11-6,7-1
Utah St.,31,154,146,24-6,60,5-6,19,19-0,9-3,9-1,0-2,1-2,6-1,1-1,7-5,16-0
Gonzaga,32,135,112,26-9,37,12-6,15,14-3,9-2,7-3,1-2,4-3,2-2,7-2,7-7,12-0
Missouri St.,33,122,85,23-11,44,8-5,12,15-6,6-7,8-2,0-1,1-2,8-4,5-1,9-7,9-3
Miami (Fla.),34,104,44,23-11,95,9-7,3,14-4,8-3,8-2,2-5,3-0,5-3,6-1,10-8,7-2
BYU,35,127,99,21-11,19,12-3,10,9-8,6-9,6-4,0-1,3-2,5-3,3-4,8-6,10-1
Fresno St.,36,133,106,24-10,84,10-7,9,14-3,7-4,8-2,3-2,1-2,1-3,6-2,5-7,13-1
Pepperdine,37,149,136,25-9,53,11-6,15,14-3,10-5,7-3,1-3,2-3,2-1,8-1,5-7,12-1
Wake Forest,38,96,25,22-14,29,13-4,4,9-10,6-6,8-2,4-6,0-2,8-2,2-2,12-10,8-2
Utah,39,126,98,21-9,41,10-4,10,11-5,4-7,5-5,1-2,3-2,3-2,4-3,7-6,10-0
Butler,40,168,173,23-8,135,8-6,16,15-2,7-7,9-1,0-1,1-1,0-1,7-3,1-3,15-2
Bowling Green,41,141,123,21-8,133,7-3,11,14-5,8-7,7-3,0-0,1-3,6-2,4-1,7-5,10-2
St. Bonaventure,42,117,75,21-10,63,8-4,8,13-6,5-7,7-3,1-3,1-2,4-1,7-3,6-6,8-1
Hofstra,43,172,187,24-7,106,5-5,21,19-2,8-6,8-2,0-2,0-0,5-4,2-0,5-6,17-1
Louisville,44,89,12,18-12,45,8-5,7,10-7,4-7,7-3,2-3,3-1,5-6,4-1,10-10,4-1
Ball St.,45,117,75,21-9,23,7-2,11,14-7,6-6,8-2,0-1,4-2,6-4,3-1,10-7,8-1
Villanova,46,96,25,20-13,24,11-4,3,9-9,3-9,6-4,0-5,2-3,5-1,7-3,7-9,6-1
Seton Hall,47,111,61,22-10,47,11-3,3,11-7,6-3,4-6,3-6,2-2,1-1,5-1,6-9,11-0
Indiana St.,48,136,116,22-10,105,7-5,12,15-5,6-6,6-4,1-1,1-3,2-3,5-3,4-7,13-0
DePaul,49,98,32,20-12,43,9-4,7,11-8,6-5,5-5,2-5,0-3,7-3,4-1,9-11,7-0
Dayton,50,128,103,22-9,40,10-3,8,12-6,7-5,5-5,1-1,1-2,3-2,8-3,5-5,9-1
Southern Ill.,51,118,79,20-13,69,7-6,12,13-7,7-8,6-4,0-1,1-6,4-3,5-2,5-10,10-1
SMU,52,144,130,20-9,48,11-3,9,9-6,7-6,5-5,0-2,3-1,1-2,4-3,4-5,12-1
St. Louis,53,91,19,19-14,67,8-5,7,11-9,2-9,5-5,1-3,4-4,6-4,3-2,11-11,5-1
Southeast Mo. St.,54,171,181,22-7,57,5-3,17,17-4,7-5,8-2,0-1,0-0,2-2,6-2,2-3,14-2
Arkansas,55,102,41,19-15,101,8-6,1,11-9,2-8,6-4,4-8,0-2,2-1,4-3,6-11,9-1
Vanderbilt,56,107,53,19-11,62,10-2,1,9-9,4-6,3-7,4-5,1-1,1-2,3-3,6-8,10-0
Missouri,57,94,23,18-13,74,7-6,5,11-7,5-4,4-6,2-11,0-0,5-1,1-1,7-12,10-0
Creighton,58,141,123,23-10,107,9-3,12,14-7,8-6,7-3,0-2,4-2,2-1,5-3,6-5,12-2
Iowa,59,74,3,14-16,33,7-5,2,7-11,3-9,4-6,3-9,1-2,2-3,4-2,6-14,4-0
UNLV,60,142,126,23-8,76,10-4,10,13-4,4-4,7-3,0-4,2-3,4-1,6-0,6-8,11-0
Penn St.,61,90,17,19-16,34,12-4,2,7-12,2-10,6-4,1-8,2-4,6-3,3-1,9-15,7-0
Charlotte,62,91,19,17-16,77,8-6,7,9-10,5-9,4-6,0-3,5-5,4-4,3-4,9-12,5-0
La.-Lafayette,63,171,181,24-9,99,8-6,20,16-3,9-4,7-3,0-2,1-1,1-1,3-4,2-4,19-1
Southern Miss.,64,120,83,17-12,17,10-2,7,7-10,5-7,5-5,0-2,0-2,4-4,5-4,4-8,8-0
New Mexico St.,65,157,150,21-10,49,8-4,19,13-6,7-7,7-3,0-1,1-3,1-4,2-0,2-8,17-2
Arizona St.,66,102,41,18-13,72,8-5,6,10-8,4-8,6-4,0-5,1-4,5-4,5-0,6-13,7-0
Notre Dame,67,100,35,22-15,59,13-6,3,9-9,3-7,6-4,3-5,3-5,4-2,4-2,10-12,8-1
Toledo,68,124,93,18-13,70,5-5,11,13-8,7-7,9-1,0-1,3-5,2-4,1-2,5-10,12-1
Northern Ariz.,69,149,136,18-11,131,4-6,14,14-5,5-8,8-2,0-1,1-3,4-2,3-1,5-6,10-4
Ohio,70,122,85,20-13,87,7-5,11,13-8,5-8,6-4,0-1,3-5,5-2,3-3,8-8,9-2
Delaware,71,188,234,24-8,117,8-3,21,16-5,7-7,8-2,0-1,1-3,2-2,1-0,3-6,20-2
Cal St. Northridge,72,162,157,19-10,86,7-3,14,12-7,7-8,6-4,0-0,2-0,1-5,4-2,3-5,12-3
Murray St.,73,171,181,22-9,89,6-4,17,16-5,9-4,8-2,0-0,0-2,1-3,8-0,1-5,13-4
Penn,74,179,203,21-8,118,7-8,28,14-0,9-4,9-1,0-5,0-1,3-1,2-0,3-7,16-1
Mississippi,75,114,71,18-14,39,13-2,1,5-12,2-10,4-6,1-8,1-0,3-2,5-3,5-10,8-1
Siena,76,174,189,24-9,130,7-5,18,17-4,7-5,7-3,0-0,0-0,1-5,7-2,1-5,16-2
Virginia,77,124,93,19-12,115,10-4,4,9-8,5-7,4-6,3-4,1-1,2-3,3-3,6-8,10-1
George Mason,78,155,147,19-11,125,6-6,13,13-5,6-8,7-3,0-1,0-0,2-6,4-1,2-7,13-3
Miami (Ohio),79,111,61,15-15,83,4-4,11,11-11,6-9,5-5,0-2,2-6,4-4,4-0,6-12,5-3
Georgetown,80,105,46,18-15,65,10-4,3,8-11,3-9,5-5,1-6,2-3,2-3,6-2,5-12,7-1
Southern California,81,106,50,16-14,97,7-5,6,9-9,5-8,3-7,1-5,1-5,2-4,4-0,4-14,8-0
Xavier,82,131,104,21-12,54,11-4,8,10-8,4-9,6-4,1-2,2-3,3-3,5-2,6-8,10-2
James Madison,83,179,203,20-9,168,7-4,13,13-5,6-9,7-3,0-0,0-0,2-3,1-4,2-3,17-2
Appalachian St.,84,183,216,20-9,164,4-6,22,16-3,9-6,7-3,0-1,0-1,2-2,1-1,2-4,17-4
Long Beach St.,85,185,226,22-6,153,6-4,19,16-2,10-2,7-3,0-0,0-2,3-2,0-2,3-4,19-0
North Carolina St.,86,110,58,20-14,38,13-2,4,7-12,2-8,5-5,1-6,2-2,6-3,2-0,9-11,9-3
California,87,103,43,18-15,36,11-4,6,7-11,4-7,4-6,0-5,3-4,4-4,3-0,7-13,8-2
Iona,88,169,178,20-11,163,4-6,18,16-5,8-7,8-2,0-1,0-2,2-1,4-4,2-4,14-3
Central Conn. St.,89,211,288,25-6,177,7-3,24,18-3,8-4,6-4,0-1,0-0,0-0,3-3,0-1,22-2
Sam Houston St.,90,201,267,20-7,91,4-3,23,16-4,9-5,8-2,0-2,0-0,0-0,2-1,0-2,18-4
Colorado,91,115,73,17-14,68,9-4,5,8-10,2-10,5-5,2-6,2-0,3-3,1-2,7-9,9-3
Wyoming,92,142,126,18-12,127,9-5,10,9-7,4-9,6-4,0-2,2-3,1-2,5-3,3-7,10-2
Tulane,93,134,110,20-11,64,11-2,7,9-9,4-8,5-5,0-2,0-2,5-4,5-2,5-8,10-1
Princeton,94,174,189,18-11,79,7-8,28,11-3,7-6,7-3,0-2,0-0,1-7,4-1,1-9,13-1
Marshall,95,141,123,19-9,78,6-1,11,13-8,5-5,7-3,0-0,2-3,3-3,3-2,5-6,11-1
Marquette,96,104,44,15-14,94,7-5,7,8-9,3-9,4-6,0-3,2-3,5-4,2-3,7-10,6-1
Col. of Charleston,97,201,267,20-6,109,5-2,22,15-4,7-2,8-2,0-1,0-0,1-2,0-0,1-3,19-3
Maine,98,205,277,23-7,179,7-3,21,16-4,9-4,8-2,0-0,0-3,2-1,0-2,2-4,21-1
UNC Wilmington,99,155,147,18-13,112,7-5,13,11-8,4-10,6-4,0-3,1-0,3-2,1-3,4-5,13-5
Eastern Wash.,100,150,140,13-10,238,1-5,14,12-5,5-8,7-3,0-0,0-1,3-3,2-5,3-4,8-1
Louisiana Tech,101,191,241,21-8,147,8-3,20,13-5,10-6,7-3,0-0,0-1,2-2,2-1,2-3,17-4
Weber St.,102,151,142,15-10,55,5-3,14,10-7,5-6,6-4,0-0,2-1,2-5,1-2,4-6,10-2
Colorado St.,103,133,106,17-12,110,9-5,10,8-7,5-7,6-4,0-0,3-4,3-5,1-3,6-9,10-0
Michigan,104,99,34,15-14,51,9-3,2,6-11,3-8,3-7,1-7,2-2,2-3,2-1,5-12,8-1
TCU,105,125,96,17-14,114,8-7,9,9-7,4-6,6-4,0-3,0-6,2-2,3-2,2-11,12-1
San Diego,106,177,200,19-9,139,8-4,15,11-5,7-5,7-3,0-2,2-4,1-0,2-2,3-6,14-1
Richmond,107,152,144,18-12,122,5-6,13,13-6,8-5,7-3,0-1,0-0,5-6,2-1,5-7,11-4
South Ala.,108,180,207,20-10,160,5-6,20,15-4,7-7,8-2,0-1,1-0,2-3,1-3,3-4,16-3
Lafayette,109,210,286,22-7,178,8-6,25,14-1,9-4,9-1,0-1,0-1,1-1,4-2,1-3,17-2
South Carolina,110,96,25,15-17,104,8-5,1,7-12,2-8,6-4,1-11,0-1,4-2,3-1,5-14,7-2
West Virginia,111,105,46,14-14,42,8-3,3,6-11,4-7,2-8,0-4,1-4,3-4,5-0,4-12,5-2
Massachusetts,112,114,71,16-16,155,5-8,8,11-8,7-8,5-5,0-5,1-3,1-4,7-2,2-12,7-2
New Mexico,113,119,81,17-14,102,8-8,10,9-6,5-6,6-4,1-1,3-4,1-6,3-1,5-11,9-2
Santa Clara,114,148,134,18-12,124,8-6,15,10-6,6-6,7-3,0-1,2-6,1-2,3-2,3-9,12-1
Rutgers,115,109,57,15-16,66,9-5,3,6-11,4-7,3-7,0-4,1-5,3-4,2-3,4-13,9-0
Akron,116,137,118,16-11,140,5-3,11,11-8,6-8,3-7,0-0,1-5,4-3,1-0,5-8,10-3
Detroit,117,167,171,18-12,129,8-5,16,10-7,4-9,6-4,0-0,1-4,1-1,2-3,2-5,14-4
Alabama,118,95,24,13-16,93,7-5,1,6-11,0-10,3-7,2-5,0-1,4-4,2-4,6-10,5-2
Samford,119,201,267,20-10,88,5-4,27,15-6,6-6,8-2,1-1,0-1,0-1,1-1,1-3,18-6
UAB,120,116,74,14-14,61,7-4,7,7-10,1-10,3-7,0-3,3-0,1-8,3-2,4-11,7-1
St. Joseph's,121,110,58,13-16,75,5-6,8,8-10,4-9,4-6,1-3,0-5,1-2,6-4,2-10,5-2
Navy,122,215,299,21-6,182,9-4,25,12-2,7-4,9-1,0-0,0-1,0-1,3-3,0-2,18-1
George Washington,123,118,79,15-15,123,6-7,8,9-8,4-8,6-4,1-2,4-1,1-4,4-4,6-7,5-4
Fordham,124,125,96,14-15,81,7-5,8,7-10,6-8,5-5,0-3,3-1,1-3,2-7,4-7,8-1
Winthrop,125,199,263,18-9,156,5-6,26,13-3,7-7,8-2,0-2,0-1,1-0,1-1,1-3,16-5
Bradley,126,119,81,14-16,141,4-7,12,10-9,2-10,4-6,0-2,2-3,2-5,3-2,4-10,7-4
Milwaukee,127,151,142,14-14,73,7-5,16,7-9,3-10,5-5,0-3,0-5,0-0,2-1,0-8,12-5
Montana,128,152,144,15-11,186,3-6,14,12-5,6-5,8-2,0-0,0-2,4-5,1-1,4-7,10-3
Evansville,129,147,133,18-12,96,9-2,12,9-10,4-7,3-7,0-0,0-5,1-5,2-1,1-10,15-1
San Francisco,130,174,189,18-9,58,11-1,15,7-8,8-5,6-4,0-1,1-4,0-0,2-3,1-5,15-1
South Fla.,131,131,104,17-14,146,9-5,7,8-9,4-10,4-6,1-2,0-3,5-2,2-6,6-7,9-1
Eastern Mich.,132,133,106,13-13,116,4-3,11,9-10,6-8,4-6,0-1,1-4,2-4,1-2,3-9,9-2
Florida St.,133,100,35,12-17,148,5-6,4,7-11,3-9,4-6,1-9,2-1,2-3,0-2,5-13,7-2
Minnesota,134,89,12,12-16,50,8-3,2,4-13,1-10,1-9,1-6,0-6,4-3,1-0,5-15,6-1
Niagara,135,184,220,17-12,108,6-3,18,11-9,6-9,5-5,0-2,0-1,1-4,1-1,1-7,15-4
Radford,136,207,280,17-10,190,5-7,26,12-3,8-8,7-3,0-1,0-0,1-1,2-2,1-2,14-6
Eastern Ill.,137,167,171,15-12,176,3-4,17,12-8,5-9,7-3,0-0,1-1,0-6,2-2,1-7,12-3
Fairfield,138,157,150,14-15,166,2-7,18,12-8,5-10,5-5,0-2,0-1,2-6,1-2,2-9,11-4
Virginia Tech,139,135,112,16-15,165,7-6,8,9-9,4-9,6-4,0-3,1-2,3-2,4-4,4-7,8-4
Mississippi St.,140,121,84,14-16,136,9-4,1,5-12,2-8,2-8,1-7,0-0,2-4,1-3,3-11,10-2
Hawaii,141,139,120,17-12,85,11-2,9,6-10,1-8,3-7,0-2,1-4,3-3,2-1,4-9,11-2
Pittsburgh,142,117,75,13-15,98,8-3,3,5-12,3-7,4-6,0-5,1-4,2-3,2-1,3-12,8-2
Robert Morris,143,194,250,17-12,245,2-6,24,15-6,7-6,8-2,0-0,0-0,1-4,0-4,1-4,16-4
La.-Monroe,144,194,250,17-9,162,4-3,23,13-6,7-6,6-4,0-0,0-0,1-2,1-2,1-2,15-5
Memphis,145,108,55,14-16,144,6-6,7,8-10,3-8,6-4,0-2,1-3,4-7,5-1,5-12,4-3
Austin Peay,146,181,211,16-10,126,5-2,17,11-8,7-6,8-2,0-0,1-0,1-4,1-2,2-4,13-4
Bucknell,147,194,250,16-11,121,8-6,25,8-5,7-6,6-4,0-0,0-0,2-4,1-4,2-4,13-3
Oregon St.,148,100,35,11-16,82,6-3,6,5-13,2-9,3-7,1-3,0-5,2-7,0-1,3-15,8-0
Fairleigh Dickinson,149,193,246,16-11,207,3-5,24,13-6,7-7,8-2,0-1,0-1,1-1,1-1,1-3,14-7
Baylor,150,124,93,13-15,80,8-2,5,5-13,2-7,3-7,0-9,0-0,2-4,0-0,2-13,11-2
Cleveland St.,151,162,157,15-14,185,6-8,16,9-6,6-7,5-5,0-2,2-3,0-1,2-4,2-6,11-4
Tennessee Tech,152,176,197,14-12,175,3-4,17,11-8,5-9,5-5,0-1,0-0,0-5,3-2,0-6,11-4
Davidson,153,168,173,12-13,149,2-6,22,10-7,5-9,5-5,0-2,1-0,2-4,0-0,3-6,9-7
Quinnipiac,154,208,282,17-10,199,5-4,24,12-6,7-7,6-4,0-0,0-2,0-2,1-4,0-4,16-2
UTEP,155,127,99,13-15,71,9-4,9,4-11,2-9,3-7,0-2,1-3,1-4,5-2,2-9,6-4
St. Francis (N.Y.),156,197,260,17-12,192,4-5,24,13-7,7-7,6-4,0-1,0-0,1-3,1-3,1-4,15-5
UNI,157,137,118,14-15,90,7-3,12,7-12,2-10,3-7,0-1,1-4,2-3,2-3,3-8,9-4
Ga. Southern,158,199,263,15-12,157,5-5,22,10-7,6-9,6-4,0-1,0-0,0-3,0-3,0-4,15-5
Washington,159,100,35,9-20,172,4-7,6,5-13,5-9,3-7,0-5,2-3,1-8,0-3,3-16,6-1
San Jose St.,160,140,122,11-15,194,5-6,9,6-9,3-9,4-6,0-2,0-2,2-3,2-6,2-7,7-2
Alcorn St.,161,223,310,17-10,236,1-6,33,16-4,6-9,9-1,0-2,0-0,0-2,0-1,0-4,17-5
Green Bay,162,146,132,14-16,113,8-7,16,6-9,1-11,4-6,0-1,1-3,3-1,2-5,4-5,8-6
Northern Ill.,163,135,112,12-15,142,5-3,11,7-12,4-11,3-7,1-0,1-4,2-5,1-3,4-9,7-3
Vermont,164,199,263,16-12,195,5-4,21,11-8,7-9,7-3,0-1,1-2,1-3,0-0,2-6,14-6
UTSA,165,187,229,12-12,233,0-5,23,12-7,5-9,6-4,0-2,0-0,2-0,0-3,2-2,10-7
Georgia St.,166,200,266,17-12,171,3-6,27,14-6,8-5,8-2,0-1,0-1,0-1,1-4,0-3,16-5
Boston College,167,105,46,11-19,100,8-5,3,3-14,1-9,2-8,0-6,1-4,0-5,3-3,1-15,7-1
Kansas St.,168,100,35,9-19,56,7-4,5,2-15,1-11,1-9,0-10,0-0,1-5,1-1,1-15,7-3
Texas Tech,169,122,85,11-16,92,8-2,5,3-14,3-8,3-7,0-9,0-0,1-4,1-1,1-13,9-2
Middle Tenn.,170,171,181,13-13,202,2-4,17,11-9,4-8,7-3,0-2,0-0,2-3,0-4,2-5,11-4
Northwestern St.,171,193,246,15-13,282,2-5,23,13-8,4-10,6-4,0-0,0-0,1-3,2-1,1-3,12-9
Georgia Tech,172,112,65,13-17,138,8-5,4,5-12,0-9,4-6,1-8,0-2,2-2,2-3,3-12,8-2
La Salle,173,127,99,11-17,119,6-5,8,5-12,3-9,4-6,0-2,0-5,3-1,3-6,3-8,5-3
Georgia,174,98,32,10-20,173,7-6,1,3-14,1-11,1-9,0-9,1-2,1-6,2-3,2-17,6-0
Lamar,175,182,214,15-16,145,4-6,23,11-10,2-12,5-5,0-2,0-0,0-5,2-2,0-7,13-7
Troy,176,218,302,16-11,213,3-5,27,13-6,5-7,5-5,0-0,0-0,0-2,1-2,0-2,15-7
Rider,177,182,214,16-14,111,7-3,18,9-11,5-9,4-6,0-0,0-0,3-5,3-4,3-5,10-5
UNC Greensboro,178,195,256,14-13,169,5-5,22,9-8,6-9,6-4,0-0,0-1,0-4,1-1,0-5,13-7
Florida Int'l,179,169,178,15-14,120,6-6,20,9-8,5-4,5-5,0-0,0-3,0-3,3-3,0-6,12-5
Clemson,180,110,58,10-20,183,6-7,4,4-13,2-8,3-7,0-7,0-2,2-4,3-3,2-13,5-4
VCU,181,158,153,14-14,143,7-4,13,7-10,2-10,4-6,0-0,1-0,3-7,3-1,4-7,7-6
Bethune-Cookman,182,211,288,14-14,250,1-7,31,13-7,5-11,6-4,0-2,0-1,0-2,0-1,0-5,14-8
Drexel,183,176,197,13-17,237,3-7,21,10-10,5-11,4-6,0-0,0-4,0-6,1-0,0-10,12-7
Nebraska,184,113,69,11-19,137,7-6,5,4-13,0-9,1-9,0-8,0-0,1-5,4-3,1-13,6-3
William & Mary,185,149,136,10-17,134,4-6,13,6-11,1-12,4-6,0-1,0-0,2-6,0-6,2-7,8-4
Texas-Arlington,186,193,246,13-12,208,2-4,23,11-8,6-7,4-6,0-0,0-0,0-2,0-5,0-2,13-5
South Carolina St.,187,220,306,20-14,284,3-9,31,17-5,8-9,8-2,0-1,0-2,0-0,0-3,0-3,20-8
Alabama A&M,188,228,313,15-10,293,1-6,33,14-4,6-8,7-3,0-0,0-0,0-0,0-5,0-0,15-5
Western Mich.,189,127,99,10-18,152,4-4,11,6-14,3-12,2-8,0-0,1-3,3-5,1-6,4-8,5-4
Coppin St.,190,204,273,15-15,252,0-9,31,15-6,7-9,8-2,0-3,0-1,0-3,0-0,0-7,15-8
Arkansas St.,191,155,147,10-18,151,3-8,20,7-10,3-10,5-5,0-2,0-1,0-3,2-7,0-6,8-5
Providence,192,112,65,10-19,170,6-6,3,4-13,3-7,3-7,0-4,1-4,3-3,1-6,4-11,5-2
Valparaiso,193,214,294,16-13,221,4-7,29,12-6,4-8,8-2,0-1,0-0,0-2,1-2,0-3,15-8
Marist,194,189,236,14-14,239,4-5,18,10-9,5-9,7-3,0-0,0-0,1-4,2-5,1-4,11-5
Portland St.,195,164,164,12-14,193,5-4,14,7-10,5-7,3-7,0-0,0-1,2-7,0-4,2-8,10-2
Idaho,196,160,155,10-17,159,4-6,19,6-11,2-11,3-7,0-1,0-3,0-5,3-2,0-9,7-6
Boise St.,197,166,167,12-15,131,6-5,19,6-10,5-8,5-5,0-1,0-3,2-3,1-1,2-7,9-7
Hampton,198,226,312,17-12,232,3-6,31,14-6,9-6,7-3,0-0,0-0,0-3,0-2,0-3,17-7
Houston,199,106,50,8-22,154,5-7,7,3-15,1-10,1-9,0-3,0-2,2-11,2-6,2-16,4-0
Wofford,200,178,202,12-16,257,2-7,22,10-9,2-14,5-5,0-1,0-0,0-6,0-2,0-7,12-7
UC Santa Barbara,201,184,220,12-14,272,2-7,19,10-7,5-9,7-3,0-1,0-3,0-4,0-1,0-8,12-5
Jackson St.,202,208,282,16-16,216,3-8,33,13-8,5-10,7-3,0-1,0-1,0-2,1-1,0-4,15-11
Southern Utah,203,214,294,14-13,228,2-6,29,12-7,2-11,6-4,0-0,0-2,0-0,1-2,0-2,13-9
UC Irvine,204,184,220,12-14,158,5-4,19,7-10,4-8,6-4,0-1,0-2,0-5,0-1,0-8,12-5
Wichita St.,205,134,110,11-17,161,5-3,12,6-14,1-10,5-5,0-1,1-5,1-4,1-3,2-10,8-4
UMKC,206,218,302,14-13,217,3-6,29,11-7,5-9,7-3,0-1,1-0,0-1,0-1,1-2,13-10
Western Ky.,207,163,163,11-18,251,2-9,20,9-9,2-12,5-5,0-0,0-0,1-4,1-9,1-4,9-5
East Tenn. St.,208,183,216,12-15,231,3-6,22,9-9,5-9,6-4,0-0,0-0,0-8,1-0,0-8,11-7
Monmouth,209,187,229,12-16,234,3-6,24,9-10,5-9,4-6,0-0,0-2,0-3,2-1,0-5,10-10
Texas A&M,210,123,90,8-20,267,4-7,5,4-13,1-12,2-8,1-7,0-1,1-3,0-3,2-11,6-6
Oakland,211,187,229,12-17,262,1-12,29,11-5,6-9,7-3,0-2,0-2,0-2,0-2,0-6,12-9
Southern U.,212,243,318,16-11,318,0-6,33,16-5,6-8,6-4,0-0,0-0,0-0,0-1,0-0,16-10
Jacksonville St.,213,224,311,16-11,253,4-4,27,12-7,7-5,5-5,0-0,0-0,0-1,1-2,0-1,15-8
Drake,214,143,129,11-18,174,6-3,12,5-15,1-12,1-9,1-0,0-5,1-4,1-3,2-9,8-6
Tenn.-Martin,215,148,134,8-19,189,1-7,17,7-12,2-13,2-8,0-1,1-0,1-6,1-6,2-7,5-6
UCF,216,192,244,13-18,271,1-9,27,12-9,4-9,6-4,0-0,0-2,0-2,1-4,0-4,12-10
Western Caro.,217,190,239,11-14,187,4-4,22,7-10,4-10,5-5,0-0,0-0,1-5,0-0,1-5,10-9
East Carolina,218,157,150,9-18,180,4-6,13,5-12,3-11,2-8,0-0,0-0,1-7,1-5,1-7,7-6
Manhattan,219,185,226,12-15,281,3-5,18,9-10,4-8,2-8,0-0,0-0,0-5,3-5,0-5,9-5
Loyola (Ill.),220,180,207,14-14,167,10-3,16,4-11,1-9,3-7,0-1,0-3,0-0,2-4,0-4,12-6
UMBC,221,186,228,10-18,184,3-6,24,7-12,6-9,3-7,0-1,0-1,0-3,2-4,0-5,8-9
Colgate,222,209,285,11-16,206,6-7,25,5-9,5-8,5-5,0-1,0-0,0-2,0-8,0-3,11-5
Towson,223,188,234,11-17,226,4-5,21,7-12,6-9,2-8,0-0,0-2,0-6,1-1,0-8,10-8
Campbell,224,202,271,12-16,276,2-7,27,10-9,6-7,5-5,0-0,0-1,0-1,2-3,0-2,10-11
Elon,225,189,236,10-15,227,3-8,26,7-7,2-13,4-6,0-1,0-1,0-2,1-4,0-4,9-7
Illinois St.,226,135,112,9-20,211,4-6,12,5-14,1-12,3-7,0-0,2-5,0-4,1-5,2-9,6-6
UNC Asheville,227,168,173,10-19,242,1-11,26,9-8,1-15,6-4,0-3,0-0,0-4,2-5,0-7,8-7
Duquesne,228,136,116,9-20,198,5-7,8,4-13,2-11,1-9,0-1,0-4,1-2,3-9,1-7,5-4
Columbia,229,213,292,12-14,222,5-7,28,7-7,5-7,5-5,0-1,0-1,0-4,0-1,0-6,12-7
Rhode Island,230,112,65,5-25,203,3-10,8,2-15,2-12,0-10,0-4,0-3,0-5,0-11,0-12,5-2
Old Dominion,231,164,164,11-19,264,5-8,13,6-11,3-13,3-7,0-0,0-0,1-7,2-3,1-7,8-9
Air Force,232,133,106,6-20,283,2-9,10,4-11,2-11,2-8,0-0,1-4,1-6,0-5,2-10,4-5
N.C. A&T,233,231,316,14-14,240,2-5,31,12-9,6-10,6-4,0-1,0-0,0-0,0-1,0-1,14-12
Hartford,234,177,200,10-19,188,3-6,21,7-13,3-11,2-8,0-1,0-3,0-7,0-0,0-11,10-8
New Orleans,235,174,189,11-18,212,4-7,20,7-11,2-11,3-7,0-0,0-1,0-6,0-5,0-7,11-6
Youngstown St.,236,204,273,11-16,230,2-8,29,9-8,5-8,4-6,0-1,0-2,0-1,0-2,0-4,11-10
Nicholls St.,237,184,220,9-17,273,1-6,23,8-11,4-10,6-4,0-1,0-1,0-4,0-3,0-6,9-8
American,238,168,173,10-18,241,4-6,13,6-12,1-13,4-6,0-0,0-1,1-7,0-3,1-8,9-7
Coastal Caro.,239,191,241,10-18,225,3-10,26,7-8,4-12,5-5,0-1,0-2,0-3,1-4,0-6,9-8
Liberty,240,204,273,10-14,103,6-3,26,4-11,4-10,3-7,0-0,0-0,1-1,2-5,1-1,7-8
Canisius,241,166,167,10-20,280,1-9,18,9-11,1-11,5-5,0-1,0-1,1-7,2-3,1-9,7-8
Washington St.,242,111,61,6-22,197,5-5,6,1-17,1-12,1-9,0-4,0-6,1-5,0-3,1-15,5-4
Texas St.,243,189,236,10-17,297,1-6,23,9-11,3-9,5-5,0-0,0-0,0-3,1-2,0-3,9-12
Wright St.,244,174,189,11-17,275,5-8,16,6-9,0-13,4-6,1-0,0-2,0-1,3-4,1-3,7-10
Tex.-Pan American,245,180,207,9-14,224,6-13,30,3-1,2-10,5-5,0-1,0-1,0-4,0-2,0-6,9-6
Idaho St.,246,150,140,6-19,181,3-6,14,3-13,2-10,3-7,0-1,0-0,0-7,1-6,0-8,5-5
North Texas,247,149,136,7-20,205,2-9,19,5-11,1-12,1-9,0-2,0-3,1-4,0-3,1-9,6-8
Centenary (La.),248,179,203,7-16,244,5-14,30,2-2,3-12,3-7,0-2,0-0,0-3,0-4,0-5,7-7
Chattanooga,249,175,196,9-18,219,2-7,22,7-11,2-8,3-7,0-0,0-0,1-5,2-2,1-5,6-11
Nevada,250,162,157,8-20,287,1-9,19,7-11,2-12,4-6,0-1,0-4,0-5,0-2,0-10,8-8
Montana St.,251,145,131,7-16,150,3-4,14,4-12,0-8,2-8,0-1,0-1,0-8,2-3,0-10,5-3
Wagner,252,206,279,10-16,209,4-4,24,6-12,4-11,3-7,0-0,0-2,1-1,0-2,1-3,9-11
Stony Brook,253,160,155,5-21,218,5-19,32,0-2,3-11,3-7,0-2,0-3,0-4,0-3,0-9,5-9
Alabama St.,254,215,299,10-14,220,0-5,33,10-9,5-7,5-5,0-0,0-0,0-2,0-3,0-2,10-9
Stetson,255,222,309,12-15,229,4-4,27,8-11,7-8,4-6,0-0,0-0,0-2,0-3,0-2,12-10
Mt. St. Mary's,256,183,216,9-20,263,1-8,24,8-12,3-11,4-6,0-1,0-2,0-2,2-5,0-5,7-10
Texas Southern,257,228,313,12-13,288,1-4,33,11-9,7-6,6-4,0-0,0-1,0-1,0-0,0-2,12-11
Central Mich.,258,122,85,5-23,235,2-6,11,3-17,2-12,1-9,0-0,0-5,0-8,1-5,0-13,4-5
Southeastern La.,259,183,216,8-17,128,3-4,23,5-13,3-11,3-7,0-1,0-0,1-3,0-3,1-4,7-10
Pacific,260,180,207,10-18,246,4-7,19,6-11,2-11,2-8,0-0,1-3,0-4,0-2,1-7,9-9
Oral Roberts,261,208,282,12-17,260,3-8,29,9-9,3-9,4-6,1-0,0-0,1-2,0-0,2-2,10-15
Cal Poly,262,174,189,7-18,223,2-7,19,5-11,3-9,4-6,0-0,0-1,1-7,0-1,1-8,6-9
Norfolk St.,263,232,317,12-16,314,1-8,31,11-8,8-8,5-5,0-0,0-0,0-0,0-3,0-0,12-13
St. Francis (Pa.),264,198,261,10-18,285,3-6,24,7-12,3-11,3-7,0-0,0-0,0-3,0-7,0-3,10-8
Northwestern,265,105,46,5-25,254,5-8,2,0-17,0-9,1-9,0-7,0-5,0-4,0-6,0-16,5-3
Buffalo,266,123,90,5-23,295,2-7,11,3-16,1-13,1-9,0-2,0-5,0-8,1-4,0-15,4-4
Furman,267,184,220,11-18,268,4-7,22,7-11,1-11,6-4,0-0,0-0,0-5,0-2,0-5,11-11
Ill.-Chicago,268,165,166,10-20,286,4-10,16,6-10,0-12,5-5,0-0,0-3,0-3,2-3,0-6,8-11
Harvard,269,229,315,11-15,301,4-8,28,7-7,6-8,5-5,0-0,0-0,0-4,0-2,0-4,11-9
Sacramento St.,270,166,167,8-18,200,5-5,14,3-13,1-12,1-9,0-1,0-0,2-4,0-6,2-5,6-7
Mercer,271,201,267,10-21,310,1-9,27,9-12,5-11,6-4,0-0,0-1,0-2,0-2,0-3,10-16
High Point,272,195,256,8-17,265,3-8,26,5-9,2-13,3-7,0-1,0-2,0-1,0-4,0-4,8-9
Md.-East. Shore,273,221,307,12-17,191,3-6,31,9-11,5-9,6-4,0-1,0-1,0-2,0-1,0-4,12-12
Long Island,274,191,241,7-19,249,2-6,24,5-13,4-11,5-5,0-1,0-0,0-3,0-5,0-4,7-10
Portland,275,162,157,7-18,294,3-7,15,4-11,1-12,3-7,0-0,0-5,1-0,1-6,1-5,5-7
Chicago St.,276,204,273,9-18,261,2-8,29,7-10,3-12,2-8,0-0,0-2,0-1,1-2,0-3,8-13
St. Mary's (Cal.),277,162,157,7-20,277,4-8,15,3-12,1-13,1-9,0-0,0-5,0-2,0-7,0-7,7-6
San Diego St.,278,123,90,4-23,214,4-8,10,0-15,0-12,0-10,0-1,0-5,0-8,0-5,0-14,4-4
Albany (N.Y.),279,214,294,8-17,292,6-17,32,2-0,4-12,6-4,0-1,0-0,0-2,0-4,0-3,8-10
Morehead St.,280,179,203,6-18,269,2-4,17,4-14,3-11,1-9,0-0,0-0,0-4,0-5,0-4,6-9
Boston U.,281,174,189,7-22,298,1-8,21,6-14,2-11,4-6,0-0,0-3,0-6,0-2,0-9,7-11
Holy Cross,282,207,280,10-18,258,7-8,25,3-10,5-7,3-7,0-1,0-0,0-1,1-7,0-2,9-9
Tennessee St.,283,171,181,7-22,309,1-9,17,6-13,1-13,3-7,0-0,0-2,2-3,2-3,2-5,3-14
Cornell,284,213,292,9-17,210,6-6,28,3-11,4-9,4-6,0-0,0-2,0-4,1-1,0-6,8-10
McNeese St.,285,176,197,6-21,274,1-8,23,5-13,2-13,3-7,0-0,0-0,0-4,1-4,0-4,5-13
Florida A&M,286,212,291,9-22,278,1-10,31,8-12,3-10,5-5,0-1,0-1,0-1,0-1,0-3,9-18
Lehigh,287,193,246,6-21,305,2-11,25,4-10,1-14,3-7,0-0,0-1,0-2,1-8,0-3,5-10
Belmont,288,162,157,4-20,248,3-17,30,1-3,1-11,3-7,0-1,0-2,0-4,1-3,0-7,3-10
Mississippi Val.,289,196,259,6-21,215,0-9,33,6-12,2-14,2-8,0-3,0-0,0-2,0-1,0-5,6-15
Dartmouth,290,214,294,8-18,302,3-9,28,5-9,2-13,5-5,0-0,0-0,0-6,0-1,0-6,8-11
Rice,291,142,126,3-22,316,2-8,9,1-14,0-13,1-9,0-3,0-2,0-2,1-4,0-7,2-11
Northeastern,292,194,250,7-21,308,2-7,21,5-14,3-12,3-7,0-0,0-3,1-3,0-1,1-6,6-14
Citadel,293,195,256,6-19,315,1-8,22,5-11,3-7,2-8,0-0,0-0,0-3,0-4,0-3,6-12
St. Peter's,294,172,187,5-23,204,3-6,18,2-17,1-13,0-10,0-0,0-1,0-6,0-6,0-7,5-10
Western Ill.,295,192,244,6-22,201,3-8,29,3-14,2-12,1-9,0-1,0-3,0-1,0-3,0-5,6-14
Denver,296,168,173,6-22,243,3-8,20,3-14,1-12,3-7,0-0,0-2,0-4,1-6,0-6,5-10
IUPUI,297,205,277,7-21,259,3-9,29,4-12,3-12,5-5,0-1,0-1,0-1,0-4,0-3,7-14
Cal St. Fullerton,298,194,250,7-18,270,4-5,19,3-13,2-11,0-10,0-0,0-2,0-3,0-2,0-5,7-11
Stephen F. Austin,299,184,220,4-21,303,1-6,23,3-15,3-9,1-9,0-0,0-0,0-2,0-5,0-2,4-14
Eastern Ky.,300,171,181,4-21,247,2-5,17,2-16,1-13,0-10,0-0,0-1,0-5,0-5,0-6,4-10
Charleston So.,301,198,261,6-20,289,2-8,26,4-12,1-12,3-7,0-0,0-0,0-1,0-7,0-1,6-12
Loyola (Md.),302,187,229,7-21,296,3-6,18,4-15,0-13,1-9,0-0,0-0,1-5,0-4,1-5,6-12
Yale,303,214,294,7-20,311,2-11,28,5-9,1-13,2-8,0-0,0-0,1-6,0-0,1-6,6-14
Brown,304,218,302,8-19,306,4-9,28,4-10,2-12,2-8,0-0,0-0,0-5,0-2,0-5,8-12
Jacksonville,305,217,301,7-19,307,2-5,27,5-14,2-11,3-7,0-0,0-0,0-0,1-3,0-0,6-16
Prairie View,306,218,302,6-20,304,1-7,33,5-13,2-13,4-6,0-0,0-0,0-2,0-1,0-2,6-17
Army,307,194,250,3-23,313,1-12,25,2-11,1-13,2-8,0-1,0-1,0-1,0-7,0-3,3-13
Ark.-Little Rock,308,166,167,4-24,266,3-8,20,1-16,0-13,1-9,0-2,0-2,0-2,0-5,0-6,4-13
VMI,309,170,180,2-23,256,1-7,22,1-16,0-13,1-9,0-1,0-0,1-4,0-2,1-5,1-16
Ark.-Pine Bluff,310,211,288,5-20,299,0-7,33,5-13,2-14,2-8,0-2,0-0,0-1,0-2,0-3,5-15
New Hampshire,311,181,211,3-25,300,1-8,21,2-17,1-12,0-10,0-2,0-2,0-5,0-0,0-9,3-16
Delaware St.,312,221,307,6-22,279,1-8,31,5-14,2-12,4-6,0-1,0-0,0-2,0-0,0-3,6-19
Sacred Heart,313,187,229,3-25,290,1-9,24,2-16,0-14,1-9,0-2,0-0,0-3,0-2,0-5,3-18
Fla. Atlantic,314,181,211,1-28,255,0-9,27,1-19,0-15,1-9,0-1,0-2,0-2,0-4,0-5,1-19
Loyola Marymount,315,158,153,0-26,317,0-11,15,0-15,0-14,0-10,0-0,0-5,0-3,0-6,0-8,0-12
Morgan St.,316,202,271,5-24,291,0-10,31,5-14,1-14,2-8,0-0,0-1,0-4,0-2,0-5,5-17
Howard,317,190,239,1-27,196,0-9,31,1-18,0-16,0-10,0-3,0-1,0-3,0-1,0-7,1-19
Grambling,318,210,286,0-28,312,0-9,33,0-19,0-16,0-10,0-1,0-0,0-1,0-3,0-2,0-23
